director,link,director_url,location,gender
Abbas Kiarostami,https://www.imdb.com/search/name/?name=Abbas%20Kiarostami,/name/nm0452102/?ref_=sr_t_1,"Tehran, Iran",Male
Abdellatif Kechiche,https://www.imdb.com/search/name/?name=Abdellatif%20Kechiche,/name/nm0444244/?ref_=sr_t_1,"Tunis, Tunisia",Male
Abderrahmane Sissako,https://www.imdb.com/search/name/?name=Abderrahmane%20Sissako,/name/nm0803066/?ref_=sr_t_1,"Kiffa, Mauritania",Male
Adam Curtis,https://www.imdb.com/search/name/?name=Adam%20Curtis,/name/nm0193231/?ref_=sr_t_1,"Dartford, Kent, England, UK",Male
Adam McKay,https://www.imdb.com/search/name/?name=Adam%20McKay,/name/nm0570912/?ref_=sr_t_1,"Philadelphia, Pennsylvania, USA",Male
Agnieszka Holland,https://www.imdb.com/search/name/?name=Agnieszka%20Holland,/name/nm0002140/?ref_=sr_t_1,"Warsaw, Mazowieckie, Poland",Female
Agnès Jaoui,https://www.imdb.com/search/name/?name=Agnès%20Jaoui,/name/nm0418450/?ref_=sr_t_1,"Antony, Hauts-de-Seine, France",Female
Agnès Varda,https://www.imdb.com/search/name/?name=Agnès%20Varda,/name/nm0889513/?ref_=sr_t_1,"Ixelles, Belgium",Female
Aki Kaurismäki,https://www.imdb.com/search/name/?name=Aki%20Kaurismäki,/name/nm0442454/?ref_=sr_t_1,"Orimattila, Finland",Unknown
Alain Cavalier,https://www.imdb.com/search/name/?name=Alain%20Cavalier,/name/nm0146760/?ref_=sr_t_1,"Vendôme, Loir-et-Cher, France",Male
Alain Gomis,https://www.imdb.com/search/name/?name=Alain%20Gomis,/name/nm0327120/?ref_=sr_t_1,,Male
Alain Guiraudie,https://www.imdb.com/search/name/?name=Alain%20Guiraudie,/name/nm0347492/?ref_=sr_t_1,"Villefranche-de-Rouergue, Aveyron, France",Male
Alain Resnais,https://www.imdb.com/search/name/?name=Alain%20Resnais,/name/nm0720297/?ref_=sr_t_1,"Vannes, Morbihan, France",Male
Alan Mak,https://www.imdb.com/search/name/?name=Alan%20Mak,/name/nm0538320/?ref_=sr_t_1,Hong Kong,Male
Albert Serra,https://www.imdb.com/search/name/?name=Albert%20Serra,/name/nm2247200/?ref_=sr_t_1,,Male
Alejandro González Iñárritu,https://www.imdb.com/search/name/?name=Alejandro%20González%20Iñárritu,https://slyb.app.link/vtz1COZnXAb,,Unknown
Aleksandr Sokurov,https://www.imdb.com/search/name/?name=Aleksandr%20Sokurov,/name/nm0812546/?ref_=sr_t_1,"Podorvikha, Irkutskaya oblast, RSFSR, USSR [now Russia]",Male
Aleksey Fedorchenko,https://www.imdb.com/search/name/?name=Aleksey%20Fedorchenko,/name/nm1922735/?ref_=sr_t_1,"Sol-Iletsk, Sol-Iletskiy rayon, Orenburgskaya oblast, RSFSR, USSR [now Russia]",Male
Aleksey German,https://www.imdb.com/search/name/?name=Aleksey%20German,/name/nm0314516/?ref_=sr_t_1,"Leningrad, Russian SFSR, USSR [now St. Petersburg, Russia]",Male
Alex Garland,https://www.imdb.com/search/name/?name=Alex%20Garland,/name/nm0307497/?ref_=sr_t_1,"London, England, UK",Male
Alexander Payne,https://www.imdb.com/search/name/?name=Alexander%20Payne,/name/nm0668247/?ref_=sr_t_1,"Omaha, Nebraska, USA",Male
Alfonso Cuarón,https://www.imdb.com/search/name/?name=Alfonso%20Cuarón,/name/nm0190859/?ref_=sr_t_1,"Mexico City, Distrito Federal, Mexico",Male
Amma Asante,https://www.imdb.com/search/name/?name=Amma%20Asante,/name/nm1392994/?ref_=sr_t_1,"Streatham, London, England, UK",Unknown
Ana Lily Amirpour,https://www.imdb.com/search/name/?name=Ana%20Lily%20Amirpour,/name/nm3235877/?ref_=sr_t_1,,Female
Andrea Arnold,https://www.imdb.com/search/name/?name=Andrea%20Arnold,/name/nm0036349/?ref_=sr_t_1,"Dartford, Kent, England, UK",Female
Andrew Adamson,https://www.imdb.com/search/name/?name=Andrew%20Adamson,/name/nm0011470/?ref_=sr_t_1,"Auckland, New Zealand",Male
Andrew Dominik,https://www.imdb.com/search/name/?name=Andrew%20Dominik,/name/nm0231596/?ref_=sr_t_1,"Wellington, New Zealand",Male
Andrew Dosunmu,https://www.imdb.com/search/name/?name=Andrew%20Dosunmu,/name/nm0234506/?ref_=sr_t_1,,Unknown
Andrew Haigh,https://www.imdb.com/search/name/?name=Andrew%20Haigh,/name/nm0354091/?ref_=sr_t_1,,Unknown
Andrew Lau,https://www.imdb.com/search/name/?name=Andrew%20Lau,/name/nm4255726/?ref_=sr_t_1,,Unknown
Andrew Stanton,https://www.imdb.com/search/name/?name=Andrew%20Stanton,/name/nm0004056/?ref_=sr_t_1,"Boston, Massachusetts, USA",Male
Andrey Zvyagintsev,https://www.imdb.com/search/name/?name=Andrey%20Zvyagintsev,/name/nm1168657/?ref_=sr_t_1,"Novosibirsk, Novosibirskaya oblast, RSFSR, USSR [now Russia]",Male
Andrzej Wajda,https://www.imdb.com/search/name/?name=Andrzej%20Wajda,/name/nm0906667/?ref_=sr_t_1,"Suwalki, Podlaskie, Poland",Male
Andrzej Zulawski,https://www.imdb.com/search/name/?name=Andrzej%20Zulawski,/name/nm0958558/?ref_=sr_t_1,"Lwów, Lwowskie, Poland [now Lviv, Ukraine]",Male
André Singer,https://www.imdb.com/search/name/?name=André%20Singer,/name/nm0801885/?ref_=sr_t_1,,Unknown
Ang Lee,https://www.imdb.com/search/name/?name=Ang%20Lee,/name/nm0000487/?ref_=sr_t_1,"Pingtung, Taiwan",Male
Angela Ricci Lucchi,https://www.imdb.com/search/name/?name=Angela%20Ricci%20Lucchi,/name/nm0723187/?ref_=sr_t_1,,Female
Annemarie Jacir,https://www.imdb.com/search/name/?name=Annemarie%20Jacir,/name/nm1486975/?ref_=sr_t_1,"Bethlehem, Palestine",Female
Anthony Russo,https://www.imdb.com/search/name/?name=Anthony%20Russo,/name/nm0751577/?ref_=sr_t_1,"Cleveland, Ohio, USA",Unknown
Antonio Di Trapani,https://www.imdb.com/search/name/?name=Antonio%20Di%20Trapani,/name/nm3721431/?ref_=sr_t_1,,Unknown
Anurag Kashyap,https://www.imdb.com/search/name/?name=Anurag%20Kashyap,/name/nm0440604/?ref_=sr_t_1,"Gorakhpur, Uttar Pradesh, India",Male
Apichatpong Weerasethakul,https://www.imdb.com/search/name/?name=Apichatpong%20Weerasethakul,/name/nm0917405/?ref_=sr_t_1,"Bangkok, Thailand",Male
Ari Folman,https://www.imdb.com/search/name/?name=Ari%20Folman,/name/nm0284369/?ref_=sr_t_1,"Haifa, Israel",Male
Arnaud Desplechin,https://www.imdb.com/search/name/?name=Arnaud%20Desplechin,/name/nm0221611/?ref_=sr_t_1,"Roubaix, Nord, France",Male
Asghar Farhadi,https://www.imdb.com/search/name/?name=Asghar%20Farhadi,/name/nm1410815/?ref_=sr_t_1,"Khomeyni Shahr, Isfahan, Iran",Male
Ashutosh Gowariker,https://www.imdb.com/search/name/?name=Ashutosh%20Gowariker,/name/nm0332950/?ref_=sr_t_1,"Kolhapur, Maharashtra, India",Male
Asif Kapadia,https://www.imdb.com/search/name/?name=Asif%20Kapadia,/name/nm0438090/?ref_=sr_t_1,,Male
Ava DuVernay,https://www.imdb.com/search/name/?name=Ava%20DuVernay,/name/nm1148550/?ref_=sr_t_1,"Long Beach, California, USA",Unknown
Avi Nesher,https://www.imdb.com/search/name/?name=Avi%20Nesher,/name/nm0383605/?ref_=sr_t_1,"Ramat Gan, Israel",Male
Bahman Ghobadi,https://www.imdb.com/search/name/?name=Bahman%20Ghobadi,/name/nm0315842/?ref_=sr_t_1,"Baneh, Iran",Male
Bart Layton,https://www.imdb.com/search/name/?name=Bart%20Layton,/name/nm1717925/?ref_=sr_t_1,,Male
Baz Luhrmann,https://www.imdb.com/search/name/?name=Baz%20Luhrmann,/name/nm0525303/?ref_=sr_t_1,"New South Wales, Australia",Male
Bazi Gete,https://www.imdb.com/search/name/?name=Bazi%20Gete,/name/nm6514631/?ref_=sr_t_1,,Unknown
Ben Rivers,https://www.imdb.com/search/name/?name=Ben%20Rivers,/name/nm4234237/?ref_=sr_t_1,,Male
Ben Stiller,https://www.imdb.com/search/name/?name=Ben%20Stiller,/name/nm0001774/?ref_=sr_t_1,"New York City, New York, USA",Unknown
Ben Wheatley,https://www.imdb.com/search/name/?name=Ben%20Wheatley,/name/nm1296554/?ref_=sr_t_1,,Male
Benh Zeitlin,https://www.imdb.com/search/name/?name=Benh%20Zeitlin,/name/nm1022455/?ref_=sr_t_1,"Manhattan, New York, USA",Male
Benny Safdie,https://www.imdb.com/search/name/?name=Benny%20Safdie,/name/nm1509478/?ref_=sr_t_1,"New York City, New York, USA",Male
Bong Joon-ho,https://www.imdb.com/search/name/?name=Bong%20Joon-ho,/name/nm0094435/?ref_=sr_t_1,"Daegu, South Korea",Male
Boo Junfeng,https://www.imdb.com/search/name/?name=Boo%20Junfeng,/name/nm3008853/?ref_=sr_t_1,Singapore,Male
Bouli Lanners,https://www.imdb.com/search/name/?name=Bouli%20Lanners,/name/nm0099521/?ref_=sr_t_1,"Moresnet-Chapelle, Belgium",Male
Brad Bird,https://www.imdb.com/search/name/?name=Brad%20Bird,/name/nm0083348/?ref_=sr_t_1,"Kalispell, Montana, USA",Male
Brian De Palma,https://www.imdb.com/search/name/?name=Brian%20De%20Palma,/name/nm0000361/?ref_=sr_t_1,"Newark, New Jersey, USA",Male
Brian Taylor,https://www.imdb.com/search/name/?name=Brian%20Taylor,/name/nm0962729/?ref_=sr_t_1,,Male
Béla Tarr,https://www.imdb.com/search/name/?name=Béla%20Tarr,/name/nm0850601/?ref_=sr_t_1,"Pécs, Hungary",Male
Cameron Crowe,https://www.imdb.com/search/name/?name=Cameron%20Crowe,/name/nm0001081/?ref_=sr_t_1,"Palm Springs, California, USA",Unknown
Carlos Reygadas,https://www.imdb.com/search/name/?name=Carlos%20Reygadas,/name/nm1196161/?ref_=sr_t_1,"Mexico City, Distrito Federal, Mexico",Male
Carlos Saura,https://www.imdb.com/search/name/?name=Carlos%20Saura,/name/nm0767022/?ref_=sr_t_1,"Huesca, Aragón, Spain",Male
Carol Morley,https://www.imdb.com/search/name/?name=Carol%20Morley,/name/nm1345246/?ref_=sr_t_1,"Stockport, Greater Manchester, England, UK",Female
Cary Joji Fukunaga,https://www.imdb.com/search/name/?name=Cary%20Joji%20Fukunaga,/name/nm1560977/?ref_=sr_t_1,"Oakland, California, USA",Male
Catherine Breillat,https://www.imdb.com/search/name/?name=Catherine%20Breillat,/name/nm0106924/?ref_=sr_t_1,"Bressuire, Deux-Sèvres, France",Female
Chaitanya Tamhane,https://www.imdb.com/search/name/?name=Chaitanya%20Tamhane,/name/nm4058904/?ref_=sr_t_1,"Mumbai, Maharashtra, India",Male
Chantal Akerman,https://www.imdb.com/search/name/?name=Chantal%20Akerman,/name/nm0001901/?ref_=sr_t_1,"Brussels, Belgium",Female
Charles Burnett,https://www.imdb.com/search/name/?name=Charles%20Burnett,/name/nm0122344/?ref_=sr_t_1,"Vicksburg, Mississippi, USA",Male
Charlie Kaufman,https://www.imdb.com/search/name/?name=Charlie%20Kaufman,/name/nm0442109/?ref_=sr_t_1,"New York City, New York, USA",Male
Chris Buck,https://www.imdb.com/search/name/?name=Chris%20Buck,/name/nm0118333/?ref_=sr_t_1,"Wichita, Kansas, USA",Male
Christian Marclay,https://www.imdb.com/search/name/?name=Christian%20Marclay,/name/nm3827692/?ref_=sr_t_1,,Unknown
Christian Petzold,https://www.imdb.com/search/name/?name=Christian%20Petzold,/name/nm0678857/?ref_=sr_t_1,"Hilden, North Rhine-Westphalia, Germany",Male
Christopher Guest,https://www.imdb.com/search/name/?name=Christopher%20Guest,/name/nm0001302/?ref_=sr_t_1,"New York City, New York, USA",Unknown
Christopher Morris,https://www.imdb.com/search/name/?name=Christopher%20Morris,/name/nm0606439/?ref_=sr_t_1,"Bristol, England, UK",Male
Christopher Nolan,https://www.imdb.com/search/name/?name=Christopher%20Nolan,/name/nm0634240/?ref_=sr_t_1,"London, England, UK",Unknown
Claire Denis,https://www.imdb.com/search/name/?name=Claire%20Denis,/name/nm0219136/?ref_=sr_t_1,"Paris, France",Unknown
Claude Lanzmann,https://www.imdb.com/search/name/?name=Claude%20Lanzmann,/name/nm0487351/?ref_=sr_t_1,"Bois-Colombes, Hauts-de-Seine, France",Male
Clint Eastwood,https://www.imdb.com/search/name/?name=Clint%20Eastwood,/name/nm0000142/?ref_=sr_t_1,"San Francisco, California, USA",Unknown
Clio Barnard,https://www.imdb.com/search/name/?name=Clio%20Barnard,/name/nm1163237/?ref_=sr_t_1,,Female
Conrad Vernon,https://www.imdb.com/search/name/?name=Conrad%20Vernon,/name/nm0970447/?ref_=sr_t_1,"Lubbock, Texas, USA",Male
Corneliu Porumboiu,https://www.imdb.com/search/name/?name=Corneliu%20Porumboiu,/name/nm1717949/?ref_=sr_t_1,"Vaslui, Romania",Male
Courtney Hunt,https://www.imdb.com/search/name/?name=Courtney%20Hunt,/name/nm2581581/?ref_=sr_t_1,,Female
Cristi Puiu,https://www.imdb.com/search/name/?name=Cristi%20Puiu,/name/nm1090998/?ref_=sr_t_1,"Bucharest, Romania",Male
Cristian Mungiu,https://www.imdb.com/search/name/?name=Cristian%20Mungiu,/name/nm0612816/?ref_=sr_t_1,"Iasi, Romania",Male
Céline Sciamma,https://www.imdb.com/search/name/?name=Céline%20Sciamma,/name/nm1780037/?ref_=sr_t_1,"Pontoise, Val-d'Oise, France",Female
Damien Chazelle,https://www.imdb.com/search/name/?name=Damien%20Chazelle,/name/nm3227090/?ref_=sr_t_1,"Providence, Rhode Island, USA",Male
Damián Szifrón,https://www.imdb.com/search/name/?name=Damián%20Szifrón,/name/nm1167933/?ref_=sr_t_1,"Ramos Mejía, Buenos Aires, Argentina",Male
Dan Gilroy,https://www.imdb.com/search/name/?name=Dan%20Gilroy,/name/nm0319659/?ref_=sr_t_1,"Santa Monica, California, USA",Unknown
Danis Tanovic,https://www.imdb.com/search/name/?name=Danis%20Tanovic,/name/nm0849786/?ref_=sr_t_1,"Zenica, Bosnia and Herzegovina, Yugoslavia",Male
Danièle Huillet,https://www.imdb.com/search/name/?name=Danièle%20Huillet,/name/nm0401247/?ref_=sr_t_1,"Paris, France",Female
Darren Aronofsky,https://www.imdb.com/search/name/?name=Darren%20Aronofsky,/name/nm0004716/?ref_=sr_t_1,"Brooklyn, New York City, New York, USA",Male
David Cronenberg,https://www.imdb.com/search/name/?name=David%20Cronenberg,/name/nm0000343/?ref_=sr_t_1,"Toronto, Ontario, Canada",Male
David Fincher,https://www.imdb.com/search/name/?name=David%20Fincher,/name/nm0000399/?ref_=sr_t_1,"Denver, Colorado, USA",Male
David France,https://www.imdb.com/search/name/?name=David%20France,/name/nm0289800/?ref_=sr_t_1,,Unknown
David Lynch,https://www.imdb.com/search/name/?name=David%20Lynch,/name/nm0000186/?ref_=sr_t_1,"Missoula, Montana, USA",Male
David Michôd,https://www.imdb.com/search/name/?name=David%20Michôd,/name/nm2391575/?ref_=sr_t_1,,Unknown
David O'Reilly,https://www.imdb.com/search/name/?name=David%20O'Reilly,/name/nm2988528/?ref_=sr_t_1,,Unknown
David O. Russell,https://www.imdb.com/search/name/?name=David%20O.%20Russell,/name/nm0751102/?ref_=sr_t_1,"Manhattan, New York City, New York, USA",Male
David Silverman,https://www.imdb.com/search/name/?name=David%20Silverman,/name/nm0798899/?ref_=sr_t_1,"New York City, New York, USA",Male
David Wain,https://www.imdb.com/search/name/?name=David%20Wain,/name/nm0906476/?ref_=sr_t_1,"Shaker Heights, Ohio, USA",Male
Debra Granik,https://www.imdb.com/search/name/?name=Debra%20Granik,/name/nm0335138/?ref_=sr_t_1,"Cambridge, Massachusetts, USA",Female
Denis Villeneuve,https://www.imdb.com/search/name/?name=Denis%20Villeneuve,/name/nm0898288/?ref_=sr_t_1,"Trois-Rivières, Québec, Canada",Male
Derek Cianfrance,https://www.imdb.com/search/name/?name=Derek%20Cianfrance,/name/nm0161834/?ref_=sr_t_1,"Lakewood, Colorado, USA",Male
Destin Daniel Cretton,https://www.imdb.com/search/name/?name=Destin%20Daniel%20Cretton,/name/nm2308774/?ref_=sr_t_1,"Maui, Hawaii, USA",Male
Dibakar Banerjee,https://www.imdb.com/search/name/?name=Dibakar%20Banerjee,/name/nm1962313/?ref_=sr_t_1,"New Delhi, India",Male
Don Hertzfeldt,https://www.imdb.com/search/name/?name=Don%20Hertzfeldt,/name/nm0381116/?ref_=sr_t_1,"Fremont, California, USA",Male
Dror Moreh,https://www.imdb.com/search/name/?name=Dror%20Moreh,/name/nm0603466/?ref_=sr_t_1,,Unknown
Duke Johnson,https://www.imdb.com/search/name/?name=Duke%20Johnson,/name/nm2122478/?ref_=sr_t_1,"St. Louis, Missouri, USA",Male
Duncan Jones,https://www.imdb.com/search/name/?name=Duncan%20Jones,/name/nm1512910/?ref_=sr_t_1,"Bromley, Kent, England, UK",Male
Edgar Wright,https://www.imdb.com/search/name/?name=Edgar%20Wright,/name/nm0942367/?ref_=sr_t_1,"Poole, Dorset, England, UK",Male
Edward Yang,https://www.imdb.com/search/name/?name=Edward%20Yang,/name/nm0945981/?ref_=sr_t_1,"Shanghai, China",Male
Elia Suleiman,https://www.imdb.com/search/name/?name=Elia%20Suleiman,/name/nm0837839/?ref_=sr_t_1,"Nazareth, Israel",Male
Emad Burnat,https://www.imdb.com/search/name/?name=Emad%20Burnat,/name/nm4796818/?ref_=sr_t_1,Palestine,Male
Eran Kolirin,https://www.imdb.com/search/name/?name=Eran%20Kolirin,/name/nm0464115/?ref_=sr_t_1,"Holon, Israel",Male
Eran Riklis,https://www.imdb.com/search/name/?name=Eran%20Riklis,/name/nm0726954/?ref_=sr_t_1,"Beersheba, Israel",Male
Eric Darnell,https://www.imdb.com/search/name/?name=Eric%20Darnell,/name/nm0201509/?ref_=sr_t_1,"Prairie Village, Kansas, USA",Male
Eric Khoo,https://www.imdb.com/search/name/?name=Eric%20Khoo,/name/nm0451799/?ref_=sr_t_1,Singapore,Male
Ermanno Olmi,https://www.imdb.com/search/name/?name=Ermanno%20Olmi,/name/nm0647438/?ref_=sr_t_1,"Bergamo, Lombardy, Italy",Male
Ernie Gehr,https://www.imdb.com/search/name/?name=Ernie%20Gehr,/name/nm0311780/?ref_=sr_t_1,"Milwaukee, Wisconsin, USA",Male
Ethan Coen,https://www.imdb.com/search/name/?name=Ethan%20Coen,/name/nm0001053/?ref_=sr_t_1,"Minneapolis, Minnesota, USA",Male
Evan Goldberg,https://www.imdb.com/search/name/?name=Evan%20Goldberg,/name/nm1698571/?ref_=sr_t_1,"Vancouver, British Columbia, Canada",Unknown
Eytan Fox,https://www.imdb.com/search/name/?name=Eytan%20Fox,/name/nm0297202/?ref_=sr_t_1,"New York City, New York, USA",Unknown
Fabián Bielinsky,https://www.imdb.com/search/name/?name=Fabián%20Bielinsky,/name/nm0081433/?ref_=sr_t_1,"Buenos Aires, Argentina",Male
Fatih Akin,https://www.imdb.com/search/name/?name=Fatih%20Akin,/name/nm0015359/?ref_=sr_t_1,"Hamburg, West Germany",Male
Fernando Meirelles,https://www.imdb.com/search/name/?name=Fernando%20Meirelles,/name/nm0576987/?ref_=sr_t_1,"São Paulo, São Paulo, Brazil",Male
Florian Henckel von Donnersmarck,https://www.imdb.com/search/name/?name=Florian%20Henckel%20von%20Donnersmarck,/name/nm0003697/?ref_=sr_t_1,"Cologne, North Rhine-Westphalia, Germany",Male
Francis Ford Coppola,https://www.imdb.com/search/name/?name=Francis%20Ford%20Coppola,/name/nm0000338/?ref_=sr_t_1,"Detroit, Michigan, USA",Unknown
Franco Piavoli,https://www.imdb.com/search/name/?name=Franco%20Piavoli,/name/nm0681311/?ref_=sr_t_1,"Pozzolengo, Lombardy, Italy",Male
François Ozon,https://www.imdb.com/search/name/?name=François%20Ozon,/name/nm0654830/?ref_=sr_t_1,"Paris, France",Male
Frederick Wiseman,https://www.imdb.com/search/name/?name=Frederick%20Wiseman,/name/nm0936464/?ref_=sr_t_1,"Boston, Massachusetts, USA",Male
Gabriela Pichler,https://www.imdb.com/search/name/?name=Gabriela%20Pichler,/name/nm3307527/?ref_=sr_t_1,"Huddinge församling, Huddinge, Södermanland, Sweden",Female
Gareth Edwards,https://www.imdb.com/search/name/?name=Gareth%20Edwards,/name/nm2284484/?ref_=sr_t_1,"Nuneaton, Warwickshire, England, UK",Male
Gaspar Noé,https://www.imdb.com/search/name/?name=Gaspar%20Noé,/name/nm0637615/?ref_=sr_t_1,"Buenos Aires, Argentina",Male
George Clooney,https://www.imdb.com/search/name/?name=George%20Clooney,/name/nm0000123/?ref_=sr_t_1,"Lexington, Kentucky, USA",Unknown
George Lucas,https://www.imdb.com/search/name/?name=George%20Lucas,/name/nm0000184/?ref_=sr_t_1,"Modesto, California, USA",Male
George Miller,https://www.imdb.com/search/name/?name=George%20Miller,/name/nm0004306/?ref_=sr_t_1,"Chinchilla, Queensland, Australia",Unknown
Gerhard Benedikt Friedl,https://www.imdb.com/search/name/?name=Gerhard%20Benedikt%20Friedl,/name/nm0295068/?ref_=sr_t_1,"Bad Aussee, Styria, Austria",Male
Gina Prince-Bythewood,https://www.imdb.com/search/name/?name=Gina%20Prince-Bythewood,/name/nm0697656/?ref_=sr_t_1,,Female
Greg Mottola,https://www.imdb.com/search/name/?name=Greg%20Mottola,/name/nm0609549/?ref_=sr_t_1,"Dix Hills, Long Island, New York, USA",Male
Guillermo Del Toro,https://www.imdb.com/search/name/?name=Guillermo%20Del%20Toro,/name/nm0868219/?ref_=sr_t_1,"Guadalajara, Jalisco, Mexico",Unknown
Gurinder Chadha,https://www.imdb.com/search/name/?name=Gurinder%20Chadha,/name/nm0149446/?ref_=sr_t_1,"Nairobi, Kenya",Female
Gus Van Sant,https://www.imdb.com/search/name/?name=Gus%20Van%20Sant,/name/nm0001814/?ref_=sr_t_1,"Louisville, Kentucky, USA",Unknown
Guy Davidi,https://www.imdb.com/search/name/?name=Guy%20Davidi,/name/nm1519079/?ref_=sr_t_1,"Jaffa, Tel Aviv, Israel",Male
Guy Maddin,https://www.imdb.com/search/name/?name=Guy%20Maddin,/name/nm0534665/?ref_=sr_t_1,"Winnipeg, Manitoba, Canada",Unknown
Hany Abu-Assad,https://www.imdb.com/search/name/?name=Hany%20Abu-Assad,/name/nm0009463/?ref_=sr_t_1,"Nazareth, Israel",Unknown
Harmony Korine,https://www.imdb.com/search/name/?name=Harmony%20Korine,/name/nm0005101/?ref_=sr_t_1,"Bolinas, California, USA",Male
Hayao Miyazaki,https://www.imdb.com/search/name/?name=Hayao%20Miyazaki,/name/nm0594503/?ref_=sr_t_1,"Tokyo, Japan",Unknown
Hirokazu Koreeda,https://www.imdb.com/search/name/?name=Hirokazu%20Koreeda,/name/nm0466153/?ref_=sr_t_1,"Tokyo, Japan",Unknown
Hong Sang-soo,https://www.imdb.com/search/name/?name=Hong%20Sang-soo,/name/nm0393254/?ref_=sr_t_1,"Seoul, Korea",Male
Hou Hsiao-hsien,https://www.imdb.com/search/name/?name=Hou%20Hsiao-hsien,/name/nm0396284/?ref_=sr_t_1,"Meixian, Guangdong, China",Unknown
Ingmar Bergman,https://www.imdb.com/search/name/?name=Ingmar%20Bergman,/name/nm0000005/?ref_=sr_t_1,"Uppsala, Uppsala län, Sweden",Unknown
J. A. Bayona,https://www.imdb.com/search/name/?name=J.%20A.%20Bayona,https://slyb.app.link/vtz1COZnXAb,,Unknown
J. J. Abrams,https://www.imdb.com/search/name/?name=J.%20J.%20Abrams,/name/nm9851140/?ref_=sr_t_1,,Unknown
Jack Neo,https://www.imdb.com/search/name/?name=Jack%20Neo,/name/nm0626090/?ref_=sr_t_1,,Male
Jacob Krupnick,https://www.imdb.com/search/name/?name=Jacob%20Krupnick,/name/nm4937026/?ref_=sr_t_1,,Unknown
Jacques Audiard,https://www.imdb.com/search/name/?name=Jacques%20Audiard,/name/nm0002191/?ref_=sr_t_1,"Paris, France",Male
Jacques Rivette,https://www.imdb.com/search/name/?name=Jacques%20Rivette,/name/nm0729626/?ref_=sr_t_1,"Rouen, Seine-Inférieure [now Seine-Maritime], France",Unknown
Jafar Panahi,https://www.imdb.com/search/name/?name=Jafar%20Panahi,/name/nm0070159/?ref_=sr_t_1,"Mianeh, Azarbaijan Province, Iran",Unknown
James Cameron,https://www.imdb.com/search/name/?name=James%20Cameron,/name/nm0000116/?ref_=sr_t_1,"Kapuskasing, Ontario, Canada",Male
James Gray,https://www.imdb.com/search/name/?name=James%20Gray,/name/nm0336695/?ref_=sr_t_1,"New York City, New York, USA",Unknown
James Marsch,https://www.imdb.com/search/name/?name=James%20Marsch,https://slyb.app.link/vtz1COZnXAb,,Unknown
James Marsh,https://www.imdb.com/search/name/?name=James%20Marsh,/name/nm1016428/?ref_=sr_t_1,"Truro, Cornwall, England, UK",Male
Jan Pinkava,https://www.imdb.com/search/name/?name=Jan%20Pinkava,/name/nm0684342/?ref_=sr_t_1,"Prague, Czechoslovakia [now Czech Republic]",Male
Jane Campion,https://www.imdb.com/search/name/?name=Jane%20Campion,/name/nm0001005/?ref_=sr_t_1,"Wellington, New Zealand",Female
Janie Geiser,https://www.imdb.com/search/name/?name=Janie%20Geiser,/name/nm0312026/?ref_=sr_t_1,,Female
Jason Reitman,https://www.imdb.com/search/name/?name=Jason%20Reitman,/name/nm0718646/?ref_=sr_t_1,"Montreal, Quebec, Canada",Male
Jason Silverman,https://www.imdb.com/search/name/?name=Jason%20Silverman,/name/nm0798918/?ref_=sr_t_1,,Male
Jean-Charles Fitoussi,https://www.imdb.com/search/name/?name=Jean-Charles%20Fitoussi,/name/nm0280083/?ref_=sr_t_1,"Tours, France",Male
Jean-Claude Brisseau,https://www.imdb.com/search/name/?name=Jean-Claude%20Brisseau,/name/nm0109885/?ref_=sr_t_1,"Paris, France",Male
Jean-Gabriel Périot,https://www.imdb.com/search/name/?name=Jean-Gabriel%20Périot,/name/nm1516014/?ref_=sr_t_1,,Male
Jean-Luc Godard,https://www.imdb.com/search/name/?name=Jean-Luc%20Godard,/name/nm0000419/?ref_=sr_t_1,"Paris, France",Male
Jean-Marc Vallée,https://www.imdb.com/search/name/?name=Jean-Marc%20Vallée,/name/nm0885249/?ref_=sr_t_1,"Montreal, Quebec, Canada",Male
Jean-Marie Straub,https://www.imdb.com/search/name/?name=Jean-Marie%20Straub,/name/nm0833708/?ref_=sr_t_1,"Metz, Moselle, Lorraine, France",Male
Jean-Marie Téno,https://www.imdb.com/search/name/?name=Jean-Marie%20Téno,/name/nm0879403/?ref_=sr_t_1,"Famleng, Cameroon",Male
Jean-Pierre Dardenne,https://www.imdb.com/search/name/?name=Jean-Pierre%20Dardenne,/name/nm0201094/?ref_=sr_t_1,"Engis, Wallonia, Belgium",Unknown
Jean-Pierre Jeunet,https://www.imdb.com/search/name/?name=Jean-Pierre%20Jeunet,/name/nm0000466/?ref_=sr_t_1,"Roanne, Loire, Rhône-Alpes, France",Unknown
Jeff Nichols,https://www.imdb.com/search/name/?name=Jeff%20Nichols,/name/nm2158772/?ref_=sr_t_1,"Little Rock, Arkansas, USA",Male
Jeff Tremaine,https://www.imdb.com/search/name/?name=Jeff%20Tremaine,/name/nm0871860/?ref_=sr_t_1,"Durham, North Carolina, USA",Male
Jennifer Kent,https://www.imdb.com/search/name/?name=Jennifer%20Kent,/name/nm0448768/?ref_=sr_t_1,"Brisbane, Queensland, Australia",Female
Jennifer Lee,https://www.imdb.com/search/name/?name=Jennifer%20Lee,/name/nm1601644/?ref_=sr_t_1,"Barrington, Rhode Island, USA",Female
Jessica Hausner,https://www.imdb.com/search/name/?name=Jessica%20Hausner,/name/nm0369618/?ref_=sr_t_1,"Vienna, Austria",Female
Jia Zhangke,https://www.imdb.com/search/name/?name=Jia%20Zhangke,https://slyb.app.link/vtz1COZnXAb,,Unknown
Jiang Wen,https://www.imdb.com/search/name/?name=Jiang%20Wen,/name/nm0422638/?ref_=sr_t_1,"Tangshan, China",Male
Jihan El-Tahri,https://www.imdb.com/search/name/?name=Jihan%20El-Tahri,/name/nm1911613/?ref_=sr_t_1,,Unknown
Jim Jarmusch,https://www.imdb.com/search/name/?name=Jim%20Jarmusch,/name/nm0000464/?ref_=sr_t_1,"Akron, Ohio, USA",Male
Joanna Hogg,https://www.imdb.com/search/name/?name=Joanna%20Hogg,/name/nm0389712/?ref_=sr_t_1,"London, England, UK",Female
Joe Cornish,https://www.imdb.com/search/name/?name=Joe%20Cornish,/name/nm0180428/?ref_=sr_t_1,"London, England, UK",Male
Joe Russo,https://www.imdb.com/search/name/?name=Joe%20Russo,/name/nm0751648/?ref_=sr_t_1,"Cleveland, Ohio, USA",Unknown
Joel Coen,https://www.imdb.com/search/name/?name=Joel%20Coen,/name/nm0001054/?ref_=sr_t_1,"Minneapolis, Minnesota, USA",Unknown
John Akomfrah,https://www.imdb.com/search/name/?name=John%20Akomfrah,/name/nm0015497/?ref_=sr_t_1,"Accra, Ghana",Male
John Cameron Mitchell,https://www.imdb.com/search/name/?name=John%20Cameron%20Mitchell,/name/nm0593463/?ref_=sr_t_1,"El Paso, Texas, USA",Male
John Carney,https://www.imdb.com/search/name/?name=John%20Carney,/name/nm0138809/?ref_=sr_t_1,,Male
John Crowley,https://www.imdb.com/search/name/?name=John%20Crowley,/name/nm1259871/?ref_=sr_t_1,"Cork, Ireland",Male
John Gianvito,https://www.imdb.com/search/name/?name=John%20Gianvito,/name/nm1072936/?ref_=sr_t_1,,Unknown
Johnnie To,https://www.imdb.com/search/name/?name=Johnnie%20To,/name/nm0864775/?ref_=sr_t_1,Hong Kong,Unknown
Jonas Mekas,https://www.imdb.com/search/name/?name=Jonas%20Mekas,/name/nm0577263/?ref_=sr_t_1,"Semeniskiai, Lithuania",Male
Jonathan Glazer,https://www.imdb.com/search/name/?name=Jonathan%20Glazer,/name/nm0322242/?ref_=sr_t_1,"London, England, UK",Male
Joseph Cedar,https://www.imdb.com/search/name/?name=Joseph%20Cedar,/name/nm0147737/?ref_=sr_t_1,"New York City, New York, USA",Male
Joseph Kahn,https://www.imdb.com/search/name/?name=Joseph%20Kahn,/name/nm0994538/?ref_=sr_t_1,,Male
Josephine Decker,https://www.imdb.com/search/name/?name=Josephine%20Decker,/name/nm2528451/?ref_=sr_t_1,"Hammersmith, London, England, UK",Female
Josh Safdie,https://www.imdb.com/search/name/?name=Josh%20Safdie,/name/nm1343394/?ref_=sr_t_1,"New York City, New York, USA",Male
Joshua Oppenheimer,https://www.imdb.com/search/name/?name=Joshua%20Oppenheimer,/name/nm1484791/?ref_=sr_t_1,"Texas, USA",Male
Joss Whedon,https://www.imdb.com/search/name/?name=Joss%20Whedon,/name/nm0923736/?ref_=sr_t_1,"New York City, New York, USA",Unknown
João Pedro Rodrigues,https://www.imdb.com/search/name/?name=João%20Pedro%20Rodrigues,/name/nm0735134/?ref_=sr_t_1,"Lisbon, Portugal",Male
Juan José Campanella,https://www.imdb.com/search/name/?name=Juan%20José%20Campanella,/name/nm0002728/?ref_=sr_t_1,"Buenos Aires, Argentina",Male
Judy Kibinge,https://www.imdb.com/search/name/?name=Judy%20Kibinge,/name/nm1834196/?ref_=sr_t_1,,Unknown
Julian Schnabel,https://www.imdb.com/search/name/?name=Julian%20Schnabel,/name/nm0773603/?ref_=sr_t_1,"Brooklyn, New York, USA",Male
Jørgen Leth,https://www.imdb.com/search/name/?name=Jørgen%20Leth,/name/nm0504654/?ref_=sr_t_1,"Århus, Denmark",Male
K. Rajagopal,https://www.imdb.com/search/name/?name=K.%20Rajagopal,/name/nm1474851/?ref_=sr_t_1,,Unknown
Karim Aïnouz,https://www.imdb.com/search/name/?name=Karim%20Aïnouz,/name/nm0014694/?ref_=sr_t_1,"Fortaleza, Ceará, Brazil",Male
Kathryn Bigelow,https://www.imdb.com/search/name/?name=Kathryn%20Bigelow,/name/nm0000941/?ref_=sr_t_1,"San Carlos, California, USA",Female
Kelly Reichardt,https://www.imdb.com/search/name/?name=Kelly%20Reichardt,/name/nm0716980/?ref_=sr_t_1,"Miami-Dade County, Florida, USA",Female
Kelvin Tong,https://www.imdb.com/search/name/?name=Kelvin%20Tong,/name/nm0867210/?ref_=sr_t_1,,Male
Ken Jacobs,https://www.imdb.com/search/name/?name=Ken%20Jacobs,/name/nm0414499/?ref_=sr_t_1,"Williamsburg, Brooklyn, New York City, New York, USA",Male
Ken Loach,https://www.imdb.com/search/name/?name=Ken%20Loach,/name/nm0516360/?ref_=sr_t_1,"Nuneaton, Warwickshire, England, UK",Male
Kenneth Lonergan,https://www.imdb.com/search/name/?name=Kenneth%20Lonergan,/name/nm0518836/?ref_=sr_t_1,"New York City, New York, USA",Unknown
Kevin Costner,https://www.imdb.com/search/name/?name=Kevin%20Costner,/name/nm0000126/?ref_=sr_t_1,"Lynwood, California, USA",Unknown
Khalo Matabane,https://www.imdb.com/search/name/?name=Khalo%20Matabane,/name/nm1988834/?ref_=sr_t_1,,Unknown
Kim Jee-woon,https://www.imdb.com/search/name/?name=Kim%20Jee-woon,/name/nm0453518/?ref_=sr_t_1,"Seoul, South Korea",Male
Kim Ki-duk,https://www.imdb.com/search/name/?name=Kim%20Ki-duk,/name/nm1104118/?ref_=sr_t_1,"Bonghwa, South Korea",Male
Kinji Fukasaku,https://www.imdb.com/search/name/?name=Kinji%20Fukasaku,/name/nm0297935/?ref_=sr_t_1,"Mito, Japan",Male
Kiyoshi Kurosawa,https://www.imdb.com/search/name/?name=Kiyoshi%20Kurosawa,/name/nm0475905/?ref_=sr_t_1,"Kobe, Japan",Male
Kleber Mendonça Filho,https://www.imdb.com/search/name/?name=Kleber%20Mendonça%20Filho,/name/nm2207625/?ref_=sr_t_1,"Recife, Pernambuco, Brazil",Male
Kátia Lund,https://www.imdb.com/search/name/?name=Kátia%20Lund,/name/nm0526199/?ref_=sr_t_1,,Female
Larry Charles,https://www.imdb.com/search/name/?name=Larry%20Charles,/name/nm0153078/?ref_=sr_t_1,"Brooklyn, New York City, New York, USA",Male
Lars von Trier,https://www.imdb.com/search/name/?name=Lars%20von%20Trier,/name/nm0001885/?ref_=sr_t_1,"Copenhagen, Denmark",Unknown
Laurent Cantet,https://www.imdb.com/search/name/?name=Laurent%20Cantet,/name/nm0134559/?ref_=sr_t_1,"Melle, Deux-Sèvres, France",Male
Laurie Anderson,https://www.imdb.com/search/name/?name=Laurie%20Anderson,/name/nm0002173/?ref_=sr_t_1,"Glen Ellyn, Illinois, USA",Unknown
Lav Diaz,https://www.imdb.com/search/name/?name=Lav%20Diaz,/name/nm0225010/?ref_=sr_t_1,"Datu Paglas, Maguindanao, Mindanao, Philippines",Male
Lee Chang-dong,https://www.imdb.com/search/name/?name=Lee%20Chang-dong,/name/nm0496969/?ref_=sr_t_1,"Daegu, South Korea",Male
Lee Unkrich,https://www.imdb.com/search/name/?name=Lee%20Unkrich,/name/nm0881279/?ref_=sr_t_1,"Cleveland, Ohio, USA",Male
Leos Carax,https://www.imdb.com/search/name/?name=Leos%20Carax,/name/nm0136021/?ref_=sr_t_1,"Suresnes, Seine [now Hauts-de-Seine], France",Unknown
Lewis Klahr,https://www.imdb.com/search/name/?name=Lewis%20Klahr,/name/nm0458185/?ref_=sr_t_1,,Unknown
Luc Dardenne,https://www.imdb.com/search/name/?name=Luc%20Dardenne,/name/nm0201095/?ref_=sr_t_1,"Awirs, Wallonia, Belgium",Male
Luca Guadagnino,https://www.imdb.com/search/name/?name=Luca%20Guadagnino,/name/nm0345174/?ref_=sr_t_1,"Palermo, Sicily, Italy",Male
Lucien Castaing-Taylor,https://www.imdb.com/search/name/?name=Lucien%20Castaing-Taylor,/name/nm3626583/?ref_=sr_t_1,,Unknown
Lucrecia Martel,https://www.imdb.com/search/name/?name=Lucrecia%20Martel,/name/nm0551506/?ref_=sr_t_1,"Salta, Argentina",Female
Luigi M. Faccini,https://www.imdb.com/search/name/?name=Luigi%20M.%20Faccini,https://slyb.app.link/vtz1COZnXAb,,Unknown
Lukas Moodysson,https://www.imdb.com/search/name/?name=Lukas%20Moodysson,/name/nm0600546/?ref_=sr_t_1,"Malmö, Skåne län, Sweden",Male
Luke Fowler,https://www.imdb.com/search/name/?name=Luke%20Fowler,/name/nm4917815/?ref_=sr_t_1,,Unknown
Lynne Ramsay,https://www.imdb.com/search/name/?name=Lynne%20Ramsay,/name/nm0708903/?ref_=sr_t_1,"Glasgow, Strathclyde, Scotland, UK",Female
László Nemes,https://www.imdb.com/search/name/?name=László%20Nemes,/name/nm1841577/?ref_=sr_t_1,"Budapest, Hungary",Male
Mahamat-Saleh Haroun,https://www.imdb.com/search/name/?name=Mahamat-Saleh%20Haroun,/name/nm0757958/?ref_=sr_t_1,,Male
Mani Haghighi,https://www.imdb.com/search/name/?name=Mani%20Haghighi,/name/nm2155679/?ref_=sr_t_1,"Tehran, Iran",Male
Manoel de Oliveira,https://www.imdb.com/search/name/?name=Manoel%20de%20Oliveira,/name/nm0210701/?ref_=sr_t_1,"Oporto, Portugal",Male
Marcelo Gomes,https://www.imdb.com/search/name/?name=Marcelo%20Gomes,/name/nm1103123/?ref_=sr_t_1,"Recife, Pernambuco, Brazil",Male
Marco Bellocchio,https://www.imdb.com/search/name/?name=Marco%20Bellocchio,/name/nm0069166/?ref_=sr_t_1,"Piacenza, Emilia-Romagna, Italy",Male
Marco De Angelis,https://www.imdb.com/search/name/?name=Marco%20De%20Angelis,/name/nm3042162/?ref_=sr_t_1,,Unknown
Maren Ade,https://www.imdb.com/search/name/?name=Maren%20Ade,/name/nm0011752/?ref_=sr_t_1,"Karlsruhe, Baden-Württemberg, Germany",Female
Mariano Llinás,https://www.imdb.com/search/name/?name=Mariano%20Llinás,/name/nm1183471/?ref_=sr_t_1,,Male
Marjane Satrapi,https://www.imdb.com/search/name/?name=Marjane%20Satrapi,/name/nm2277869/?ref_=sr_t_1,"Rasht, Iran",Female
Mark Neveldine,https://www.imdb.com/search/name/?name=Mark%20Neveldine,/name/nm0004410/?ref_=sr_t_1,,Male
Martin Campbell,https://www.imdb.com/search/name/?name=Martin%20Campbell,/name/nm0132709/?ref_=sr_t_1,"Hastings, New Zealand",Male
Martin Scorsese,https://www.imdb.com/search/name/?name=Martin%20Scorsese,/name/nm0000217/?ref_=sr_t_1,"Queens, New York City, New York, USA",Unknown
Mary Harron,https://www.imdb.com/search/name/?name=Mary%20Harron,/name/nm0366004/?ref_=sr_t_1,"Bracebridge, Ontario, Canada",Female
Mel Gibson,https://www.imdb.com/search/name/?name=Mel%20Gibson,/name/nm0000154/?ref_=sr_t_1,"Peekskill, New York, USA",Unknown
Mia Hansen-Løve,https://www.imdb.com/search/name/?name=Mia%20Hansen-Løve,/name/nm0361135/?ref_=sr_t_1,"Paris, France",Female
Michael Bay,https://www.imdb.com/search/name/?name=Michael%20Bay,/name/nm0000881/?ref_=sr_t_1,"Los Angeles, California, USA",Male
Michael Haneke,https://www.imdb.com/search/name/?name=Michael%20Haneke,/name/nm0359734/?ref_=sr_t_1,"Munich, Bavaria, Germany",Male
Michael Mann,https://www.imdb.com/search/name/?name=Michael%20Mann,/name/nm0000520/?ref_=sr_t_1,"Chicago, Illinois, USA",Male
Michael Moore,https://www.imdb.com/search/name/?name=Michael%20Moore,/name/nm0601619/?ref_=sr_t_1,"Flint, Michigan, USA",Male
Michael Winterbottom,https://www.imdb.com/search/name/?name=Michael%20Winterbottom,/name/nm0935863/?ref_=sr_t_1,"Blackburn, Lancashire, England, UK",Male
Michel Gondry,https://www.imdb.com/search/name/?name=Michel%20Gondry,/name/nm0327273/?ref_=sr_t_1,"Versailles, Seine-et-Oise [now Yvelines], France",Male
Michel Hazanavicius,https://www.imdb.com/search/name/?name=Michel%20Hazanavicius,/name/nm0371890/?ref_=sr_t_1,"Paris, France",Male
Michelangelo Antonioni,https://www.imdb.com/search/name/?name=Michelangelo%20Antonioni,/name/nm0000774/?ref_=sr_t_1,"Ferrara, Emilia-Romagna, Italy",Male
Michelangelo Frammartino,https://www.imdb.com/search/name/?name=Michelangelo%20Frammartino,/name/nm1506005/?ref_=sr_t_1,,Male
Miguel Arteta,https://www.imdb.com/search/name/?name=Miguel%20Arteta,/name/nm0037708/?ref_=sr_t_1,,Male
Miguel Gomes,https://www.imdb.com/search/name/?name=Miguel%20Gomes,/name/nm0326937/?ref_=sr_t_1,"Lisbon, Portugal",Male
Mike Judge,https://www.imdb.com/search/name/?name=Mike%20Judge,/name/nm0431918/?ref_=sr_t_1,"Guayaquil, Ecuador",Male
Mike Leigh,https://www.imdb.com/search/name/?name=Mike%20Leigh,/name/nm0005139/?ref_=sr_t_1,"Salford, Greater Manchester, England, UK",Male
Mike Mills,https://www.imdb.com/search/name/?name=Mike%20Mills,/name/nm0590122/?ref_=sr_t_1,,Male
Mira Nair,https://www.imdb.com/search/name/?name=Mira%20Nair,/name/nm0619762/?ref_=sr_t_1,"Bhubaneshwar, Orissa, India",Female
Miranda July,https://www.imdb.com/search/name/?name=Miranda%20July,/name/nm0432380/?ref_=sr_t_1,"Barre, Vermont, USA",Unknown
Mohamed Diab,https://www.imdb.com/search/name/?name=Mohamed%20Diab,/name/nm2559996/?ref_=sr_t_1,"Ismailia, Egypt",Male
Mohamed Soueid,https://www.imdb.com/search/name/?name=Mohamed%20Soueid,/name/nm12496991/?ref_=sr_t_1,,Unknown
Mohammad Rasoulof,https://www.imdb.com/search/name/?name=Mohammad%20Rasoulof,/name/nm1488024/?ref_=sr_t_1,"Shiraz, Iran",Male
Mojtaba Mirtahmasb,https://www.imdb.com/search/name/?name=Mojtaba%20Mirtahmasb,/name/nm0592554/?ref_=sr_t_1,,Unknown
Nadine Labaki,https://www.imdb.com/search/name/?name=Nadine%20Labaki,/name/nm1701024/?ref_=sr_t_1,"Beirut, Lebanon",Female
Naji Abou Nowar,https://www.imdb.com/search/name/?name=Naji%20Abou%20Nowar,https://slyb.app.link/vtz1COZnXAb,,Unknown
Nanfu Wang,https://www.imdb.com/search/name/?name=Nanfu%20Wang,/name/nm6811599/?ref_=sr_t_1,,Female
Nanni Moretti,https://www.imdb.com/search/name/?name=Nanni%20Moretti,/name/nm0604335/?ref_=sr_t_1,"Brunico, Trentino-Alto Adige, Italy",Unknown
Naomi Kawase,https://www.imdb.com/search/name/?name=Naomi%20Kawase,/name/nm0442905/?ref_=sr_t_1,"Nara, Japan",Female
Neill Blomkamp,https://www.imdb.com/search/name/?name=Neill%20Blomkamp,/name/nm0088955/?ref_=sr_t_1,"Johannesburg, South Africa",Male
Newton I. Aduaka,https://www.imdb.com/search/name/?name=Newton%20I.%20Aduaka,/name/nm0012529/?ref_=sr_t_1,,Male
Ngozi Onwurah,https://www.imdb.com/search/name/?name=Ngozi%20Onwurah,/name/nm0648937/?ref_=sr_t_1,,Female
Nick Cassavetes,https://www.imdb.com/search/name/?name=Nick%20Cassavetes,/name/nm0001024/?ref_=sr_t_1,"New York City, New York, USA",Unknown
Nicolas Winding Refn,https://www.imdb.com/search/name/?name=Nicolas%20Winding%20Refn,/name/nm0716347/?ref_=sr_t_1,"Copenhagen, Denmark",Unknown
Nikolaus Geyrhalter,https://www.imdb.com/search/name/?name=Nikolaus%20Geyrhalter,/name/nm0315430/?ref_=sr_t_1,,Male
Nina Paley,https://www.imdb.com/search/name/?name=Nina%20Paley,/name/nm1315434/?ref_=sr_t_1,"Champaign, Illinois, USA",Female
Noah Baumbach,https://www.imdb.com/search/name/?name=Noah%20Baumbach,/name/nm0000876/?ref_=sr_t_1,"Brooklyn, New York City, New York, USA",Male
Norbert Pfaffenbichler,https://www.imdb.com/search/name/?name=Norbert%20Pfaffenbichler,/name/nm1114961/?ref_=sr_t_1,,Unknown
Nouri Bouzid,https://www.imdb.com/search/name/?name=Nouri%20Bouzid,/name/nm0100525/?ref_=sr_t_1,"Sfax, Tunisia",Male
Nuri Bilge Ceylan,https://www.imdb.com/search/name/?name=Nuri%20Bilge%20Ceylan,/name/nm0149196/?ref_=sr_t_1,"Istanbul, Turkey",Male
Oliver Schmitz,https://www.imdb.com/search/name/?name=Oliver%20Schmitz,/name/nm0005628/?ref_=sr_t_1,"Cape Town, South Africa",Male
Olivier Assayas,https://www.imdb.com/search/name/?name=Olivier%20Assayas,/name/nm0000801/?ref_=sr_t_1,"Paris, France",Male
Ossama Mohammed,https://www.imdb.com/search/name/?name=Ossama%20Mohammed,/name/nm0611256/?ref_=sr_t_1,"Lattakia, Syria",Male
Ousmane Sembène,https://www.imdb.com/search/name/?name=Ousmane%20Sembène,/name/nm0783733/?ref_=sr_t_1,"Ziguenchor, Casamance, Senegal",Male
Pablo Berger,https://www.imdb.com/search/name/?name=Pablo%20Berger,/name/nm0074311/?ref_=sr_t_1,,Male
Pablo Larraín,https://www.imdb.com/search/name/?name=Pablo%20Larraín,/name/nm1883257/?ref_=sr_t_1,"Santiago de Chile, Metropolitan Region, Chile",Male
Pacho Velez,https://www.imdb.com/search/name/?name=Pacho%20Velez,/name/nm1381945/?ref_=sr_t_1,,Unknown
Paolo Benvenuti,https://www.imdb.com/search/name/?name=Paolo%20Benvenuti,/name/nm2379049/?ref_=sr_t_1,,Unknown
Paolo Sorrentino,https://www.imdb.com/search/name/?name=Paolo%20Sorrentino,/name/nm0815204/?ref_=sr_t_1,"Naples, Campania, Italy",Male
Park Chan-wook,https://www.imdb.com/search/name/?name=Park%20Chan-wook,/name/nm0661791/?ref_=sr_t_1,"Seoul, South Korea",Male
Patricio Guzmán,https://www.imdb.com/search/name/?name=Patricio%20Guzmán,/name/nm0350099/?ref_=sr_t_1,"Santiago, Chile",Male
Patrick Wang,https://www.imdb.com/search/name/?name=Patrick%20Wang,/name/nm1169526/?ref_=sr_t_1,,Unknown
Patty Jenkins,https://www.imdb.com/search/name/?name=Patty%20Jenkins,/name/nm0420941/?ref_=sr_t_1,"George Air Force Base, Victorville, California, USA",Female
Paul Feig,https://www.imdb.com/search/name/?name=Paul%20Feig,/name/nm0082450/?ref_=sr_t_1,"Mount Clemens, Michigan, USA",Male
Paul Greengrass,https://www.imdb.com/search/name/?name=Paul%20Greengrass,/name/nm0339030/?ref_=sr_t_1,"Cheam, Surrey, England, UK",Male
Paul Thomas Anderson,https://www.imdb.com/search/name/?name=Paul%20Thomas%20Anderson,/name/nm0000759/?ref_=sr_t_1,"Studio City, California, USA",Male
Paweł Pawlikowski,https://www.imdb.com/search/name/?name=Paweł%20Pawlikowski,/name/nm0667734/?ref_=sr_t_1,"Warsaw, Mazowieckie, Poland",Unknown
Pedro Almodóvar,https://www.imdb.com/search/name/?name=Pedro%20Almodóvar,/name/nm0000264/?ref_=sr_t_1,"Calzada de Calatrava, Ciudad Real, Castilla-La Mancha, Spain",Unknown
Pedro Costa,https://www.imdb.com/search/name/?name=Pedro%20Costa,/name/nm0182276/?ref_=sr_t_1,"Lisbon, Portugal",Male
Pete Docter,https://www.imdb.com/search/name/?name=Pete%20Docter,/name/nm0230032/?ref_=sr_t_1,"Bloomington, Minnesota, USA",Male
Peter Jackson,https://www.imdb.com/search/name/?name=Peter%20Jackson,/name/nm0001392/?ref_=sr_t_1,"Pukerua Bay, North Island, New Zealand",Male
Peter Mullan,https://www.imdb.com/search/name/?name=Peter%20Mullan,/name/nm0611932/?ref_=sr_t_1,"Peterhead, Scotland, UK",Male
Peter Tscherkassky,https://www.imdb.com/search/name/?name=Peter%20Tscherkassky,/name/nm0874787/?ref_=sr_t_1,"Vienna, Austria",Unknown
Peter Watkins,https://www.imdb.com/search/name/?name=Peter%20Watkins,/name/nm0914386/?ref_=sr_t_1,"Norbiton, Surrey, England, UK",Male
Peter Weir,https://www.imdb.com/search/name/?name=Peter%20Weir,/name/nm0001837/?ref_=sr_t_1,"Sydney, New South Wales, Australia",Male
Phil Solomon,https://www.imdb.com/search/name/?name=Phil%20Solomon,/name/nm0994047/?ref_=sr_t_1,,Unknown
Philip Gröning,https://www.imdb.com/search/name/?name=Philip%20Gröning,/name/nm0344973/?ref_=sr_t_1,"Düsseldorf, West Germany",Male
Philip Kaufman,https://www.imdb.com/search/name/?name=Philip%20Kaufman,/name/nm0442241/?ref_=sr_t_1,"Chicago, Illinois, USA",Male
Philippe Garrel,https://www.imdb.com/search/name/?name=Philippe%20Garrel,/name/nm0308042/?ref_=sr_t_1,"Paris, France",Male
Philippe Grandrieux,https://www.imdb.com/search/name/?name=Philippe%20Grandrieux,/name/nm0334930/?ref_=sr_t_1,"Saint-Étienne, Loire, Rhône-Alpes, France",Male
Pietro Marcello,https://www.imdb.com/search/name/?name=Pietro%20Marcello,/name/nm2754122/?ref_=sr_t_1,"Caserta, Campania, Italy",Male
Pippo Delbono,https://www.imdb.com/search/name/?name=Pippo%20Delbono,/name/nm2647632/?ref_=sr_t_1,,Unknown
Pirjo Honkasalo,https://www.imdb.com/search/name/?name=Pirjo%20Honkasalo,/name/nm0393345/?ref_=sr_t_1,"Helsinki, Finland",Female
Quentin Tarantino,https://www.imdb.com/search/name/?name=Quentin%20Tarantino,/name/nm0000233/?ref_=sr_t_1,"Knoxville, Tennessee, USA",Unknown
Raam Reddy,https://www.imdb.com/search/name/?name=Raam%20Reddy,/name/nm5339365/?ref_=sr_t_1,,Male
Rachid Bouchareb,https://www.imdb.com/search/name/?name=Rachid%20Bouchareb,/name/nm0098953/?ref_=sr_t_1,"Paris, France",Male
Rajat Kapoor,https://www.imdb.com/search/name/?name=Rajat%20Kapoor,/name/nm0438494/?ref_=sr_t_1,"New Delhi, India",Male
Ramin Bahrani,https://www.imdb.com/search/name/?name=Ramin%20Bahrani,/name/nm1023919/?ref_=sr_t_1,"North Carolina, USA",Male
Raoul Peck,https://www.imdb.com/search/name/?name=Raoul%20Peck,/name/nm0669704/?ref_=sr_t_1,,Male
Raoul Ruiz,https://www.imdb.com/search/name/?name=Raoul%20Ruiz,https://slyb.app.link/vtz1COZnXAb,,Unknown
Rehad Desai,https://www.imdb.com/search/name/?name=Rehad%20Desai,/name/nm2390834/?ref_=sr_t_1,,Unknown
Rian Johnson,https://www.imdb.com/search/name/?name=Rian%20Johnson,/name/nm0426059/?ref_=sr_t_1,"Silver Spring, Maryland, USA",Male
Richard Curtis,https://www.imdb.com/search/name/?name=Richard%20Curtis,/name/nm0193485/?ref_=sr_t_1,"Wellington, New Zealand",Male
Richard Kelly,https://www.imdb.com/search/name/?name=Richard%20Kelly,/name/nm0446819/?ref_=sr_t_1,"Newport News, Virginia, USA",Male
Richard Linklater,https://www.imdb.com/search/name/?name=Richard%20Linklater,/name/nm0000500/?ref_=sr_t_1,"Houston, Texas, USA",Male
Rick Alverson,https://www.imdb.com/search/name/?name=Rick%20Alverson,/name/nm3687830/?ref_=sr_t_1,"Spokane, Washington, USA",Male
Ridley Scott,https://www.imdb.com/search/name/?name=Ridley%20Scott,/name/nm0000631/?ref_=sr_t_1,"South Shields, County Durham, England, UK",Unknown
Rita Azevedo Gomes,https://www.imdb.com/search/name/?name=Rita%20Azevedo%20Gomes,/name/nm0326946/?ref_=sr_t_1,,Unknown
Rob Marshall,https://www.imdb.com/search/name/?name=Rob%20Marshall,/name/nm0551128/?ref_=sr_t_1,"Madison, Wisconsin, USA",Male
Robert Altman,https://www.imdb.com/search/name/?name=Robert%20Altman,/name/nm0000265/?ref_=sr_t_1,"Kansas City, Missouri, USA",Male
Robert Greene,https://www.imdb.com/search/name/?name=Robert%20Greene,/name/nm1914992/?ref_=sr_t_1,"Charlotte, North Carolina, USA",Male
Robert Pulcini,https://www.imdb.com/search/name/?name=Robert%20Pulcini,/name/nm0700301/?ref_=sr_t_1,"New York City, New York, USA",Male
Robert Zemeckis,https://www.imdb.com/search/name/?name=Robert%20Zemeckis,/name/nm0000709/?ref_=sr_t_1,"Chicago, Illinois, USA",Unknown
Roberto Benigni,https://www.imdb.com/search/name/?name=Roberto%20Benigni,/name/nm0000905/?ref_=sr_t_1,"Manciano La Misericordia, Castiglion Fiorentino, Tuscany, Italy",Male
Roman Polanski,https://www.imdb.com/search/name/?name=Roman%20Polanski,/name/nm0000591/?ref_=sr_t_1,"Paris, France",Male
Ronit Elkabetz,https://www.imdb.com/search/name/?name=Ronit%20Elkabetz,/name/nm0253813/?ref_=sr_t_1,"Beersheba, Israel",Female
Roy Andersson,https://www.imdb.com/search/name/?name=Roy%20Andersson,/name/nm0027815/?ref_=sr_t_1,"Gothenburg, Västra Götalands län, Sweden",Male
Royston Tan,https://www.imdb.com/search/name/?name=Royston%20Tan,/name/nm0848892/?ref_=sr_t_1,Singapore,Male
Ryan Coogler,https://www.imdb.com/search/name/?name=Ryan%20Coogler,/name/nm3363032/?ref_=sr_t_1,"Oakland, California, USA",Male
S. Craig Zahler,https://www.imdb.com/search/name/?name=S.%20Craig%20Zahler,/name/nm0951975/?ref_=sr_t_1,"Miami, Florida, USA",Male
Sam Mendes,https://www.imdb.com/search/name/?name=Sam%20Mendes,/name/nm0005222/?ref_=sr_t_1,"Reading, Berkshire, England, UK",Male
Sam Raimi,https://www.imdb.com/search/name/?name=Sam%20Raimi,/name/nm0000600/?ref_=sr_t_1,"Royal Oak, Michigan, USA",Unknown
Samba Gadjigo,https://www.imdb.com/search/name/?name=Samba%20Gadjigo,/name/nm7046188/?ref_=sr_t_1,,Unknown
Sara Fattahi,https://www.imdb.com/search/name/?name=Sara%20Fattahi,/name/nm7986571/?ref_=sr_t_1,,Unknown
Sarah Polley,https://www.imdb.com/search/name/?name=Sarah%20Polley,/name/nm0001631/?ref_=sr_t_1,"Toronto, Ontario, Canada",Unknown
Satoshi Kon,https://www.imdb.com/search/name/?name=Satoshi%20Kon,/name/nm0464804/?ref_=sr_t_1,"Sapporo, Hokkaido, Japan",Male
Scandar Copti,https://www.imdb.com/search/name/?name=Scandar%20Copti,/name/nm2738713/?ref_=sr_t_1,,Male
Sean Baker,https://www.imdb.com/search/name/?name=Sean%20Baker,/name/nm0048918/?ref_=sr_t_1,,Male
Seth Rogen,https://www.imdb.com/search/name/?name=Seth%20Rogen,/name/nm0736622/?ref_=sr_t_1,"Vancouver, British Columbia, Canada",Male
Shane Black,https://www.imdb.com/search/name/?name=Shane%20Black,/name/nm0000948/?ref_=sr_t_1,"Pittsburgh, Pennsylvania, USA",Unknown
Shane Carruth,https://www.imdb.com/search/name/?name=Shane%20Carruth,/name/nm1503403/?ref_=sr_t_1,,Unknown
Shane Meadows,https://www.imdb.com/search/name/?name=Shane%20Meadows,/name/nm0276349/?ref_=sr_t_1,"Uttoxeter, Staffordshire, England, UK",Male
Shari Springer Berman,https://www.imdb.com/search/name/?name=Shari%20Springer%20Berman,/name/nm0075849/?ref_=sr_t_1,"New York City, New York, USA",Female
Shimit Amin,https://www.imdb.com/search/name/?name=Shimit%20Amin,/name/nm0024912/?ref_=sr_t_1,,Male
Shlomi Elkabetz,https://www.imdb.com/search/name/?name=Shlomi%20Elkabetz,/name/nm1729095/?ref_=sr_t_1,"Beersheba, Israel",Male
Sidney Lumet,https://www.imdb.com/search/name/?name=Sidney%20Lumet,/name/nm0001486/?ref_=sr_t_1,"Philadelphia, Pennsylvania, USA",Male
Sion Sono,https://www.imdb.com/search/name/?name=Sion%20Sono,/name/nm0814469/?ref_=sr_t_1,"Toyokawa, Aichi, Japan",Male
Sofia Coppola,https://www.imdb.com/search/name/?name=Sofia%20Coppola,/name/nm0001068/?ref_=sr_t_1,"New York City, New York, USA",Female
Spike Jonze,https://www.imdb.com/search/name/?name=Spike%20Jonze,/name/nm0005069/?ref_=sr_t_1,"Rockville, Maryland, USA",Unknown
Spike Lee,https://www.imdb.com/search/name/?name=Spike%20Lee,/name/nm0000490/?ref_=sr_t_1,"Atlanta, Georgia, USA",Male
Stephanie Spray,https://www.imdb.com/search/name/?name=Stephanie%20Spray,/name/nm5856477/?ref_=sr_t_1,,Unknown
Stephen Chow,https://www.imdb.com/search/name/?name=Stephen%20Chow,/name/nm0159507/?ref_=sr_t_1,Hong Kong,Male
Stephen Daldry,https://www.imdb.com/search/name/?name=Stephen%20Daldry,/name/nm0197636/?ref_=sr_t_1,"Dorset, England, UK",Male
Stephen Frears,https://www.imdb.com/search/name/?name=Stephen%20Frears,/name/nm0001241/?ref_=sr_t_1,"Leicester, Leicestershire, England, UK",Male
Stevan Riley,https://www.imdb.com/search/name/?name=Stevan%20Riley,/name/nm2257147/?ref_=sr_t_1,,Unknown
Steve McQueen,https://www.imdb.com/search/name/?name=Steve%20McQueen,/name/nm2588606/?ref_=sr_t_1,"London, England, UK",Male
Steven Knight,https://www.imdb.com/search/name/?name=Steven%20Knight,/name/nm1140275/?ref_=sr_t_1,"Marlborough, England, UK",Male
Steven Soderbergh,https://www.imdb.com/search/name/?name=Steven%20Soderbergh,/name/nm0001752/?ref_=sr_t_1,"Atlanta, Georgia, USA",Unknown
Steven Spielberg,https://www.imdb.com/search/name/?name=Steven%20Spielberg,/name/nm0000229/?ref_=sr_t_1,"Cincinnati, Ohio, USA",Male
Sudhir Mishra,https://www.imdb.com/search/name/?name=Sudhir%20Mishra,/name/nm0592803/?ref_=sr_t_1,"Lucknow, Uttar Pradesh, India",Male
Susanne Bier,https://www.imdb.com/search/name/?name=Susanne%20Bier,/name/nm0081540/?ref_=sr_t_1,"Copenhagen, Denmark",Female
Takahisa Zeze,https://www.imdb.com/search/name/?name=Takahisa%20Zeze,/name/nm0955270/?ref_=sr_t_1,"Matama, Ôita, Japan [now Bungotakada, Ôita, Japan]",Male
Takeshi Kitano,https://www.imdb.com/search/name/?name=Takeshi%20Kitano,/name/nm0001429/?ref_=sr_t_1,"Tokyo, Japan",Male
Tan Pin Pin,https://www.imdb.com/search/name/?name=Tan%20Pin%20Pin,/name/nm2566810/?ref_=sr_t_1,,Female
Terence Davies,https://www.imdb.com/search/name/?name=Terence%20Davies,/name/nm0203993/?ref_=sr_t_1,"Liverpool, England, UK",Male
Terrence Malick,https://www.imdb.com/search/name/?name=Terrence%20Malick,/name/nm0000517/?ref_=sr_t_1,"Ottawa, Illinois, USA",Male
Terry George,https://www.imdb.com/search/name/?name=Terry%20George,/name/nm0313623/?ref_=sr_t_1,"Belfast, Northern Ireland, UK",Male
Terry Zwigoff,https://www.imdb.com/search/name/?name=Terry%20Zwigoff,/name/nm0959062/?ref_=sr_t_1,"Appleton, Wisconsin, USA",Male
Thom Andersen,https://www.imdb.com/search/name/?name=Thom%20Andersen,/name/nm0026263/?ref_=sr_t_1,,Male
Thomas Vinterberg,https://www.imdb.com/search/name/?name=Thomas%20Vinterberg,/name/nm0899121/?ref_=sr_t_1,"Copenhagen, Denmark",Unknown
Tigmanshu Dhulia,https://www.imdb.com/search/name/?name=Tigmanshu%20Dhulia,/name/nm0223606/?ref_=sr_t_1,"Allahabad, Uttar Pradesh, India",Male
Todd Haynes,https://www.imdb.com/search/name/?name=Todd%20Haynes,/name/nm0001331/?ref_=sr_t_1,"Los Angeles, California, USA",Male
Tom Ford,https://www.imdb.com/search/name/?name=Tom%20Ford,/name/nm1053530/?ref_=sr_t_1,"Austin, Texas, USA",Male
Tom Hooper,https://www.imdb.com/search/name/?name=Tom%20Hooper,/name/nm0393799/?ref_=sr_t_1,"London, England, UK",Male
Tom McCarthy,https://www.imdb.com/search/name/?name=Tom%20McCarthy,/name/nm0565336/?ref_=sr_t_1,"New Providence, New Jersey, USA",Male
Tom McGrath,https://www.imdb.com/search/name/?name=Tom%20McGrath,/name/nm0569891/?ref_=sr_t_1,"Lynnwood, Washington, USA",Male
Tomas Alfredson,https://www.imdb.com/search/name/?name=Tomas%20Alfredson,/name/nm0019247/?ref_=sr_t_1,"Lidingö, Stockholms län, Sweden",Male
Tomm Moore,https://www.imdb.com/search/name/?name=Tomm%20Moore,/name/nm1119079/?ref_=sr_t_1,"Newry, Northern Ireland, UK",Male
Tommy Lee Jones,https://www.imdb.com/search/name/?name=Tommy%20Lee%20Jones,/name/nm0000169/?ref_=sr_t_1,"San Saba, Texas, USA",Male
Tony Gilroy,https://www.imdb.com/search/name/?name=Tony%20Gilroy,/name/nm0006904/?ref_=sr_t_1,"Manhattan, New York City, New York, USA",Unknown
Tony Scott,https://www.imdb.com/search/name/?name=Tony%20Scott,/name/nm0001716/?ref_=sr_t_1,"North Shields, Northumberland, England, UK",Male
Travis Wilkerson,https://www.imdb.com/search/name/?name=Travis%20Wilkerson,/name/nm1288933/?ref_=sr_t_1,,Male
Trey Parker,https://www.imdb.com/search/name/?name=Trey%20Parker,/name/nm0005295/?ref_=sr_t_1,"Conifer, Colorado, USA",Unknown
Tsai Ming-liang,https://www.imdb.com/search/name/?name=Tsai%20Ming-liang,/name/nm0158857/?ref_=sr_t_1,"Kuching, Sarawak, Malaysia",Male
Uli Edel,https://www.imdb.com/search/name/?name=Uli%20Edel,/name/nm0248942/?ref_=sr_t_1,"Neuenburg am Rhein, Germany",Male
Ulrich Seidl,https://www.imdb.com/search/name/?name=Ulrich%20Seidl,/name/nm0782430/?ref_=sr_t_1,"Vienna, Austria",Male
Valeska Grisebach,https://www.imdb.com/search/name/?name=Valeska%20Grisebach,/name/nm1007136/?ref_=sr_t_1,"Bremen, West Germany [now Germany]",Female
Verena Paravel,https://www.imdb.com/search/name/?name=Verena%20Paravel,/name/nm4045090/?ref_=sr_t_1,,Unknown
Vicky Jenson,https://www.imdb.com/search/name/?name=Vicky%20Jenson,/name/nm0421776/?ref_=sr_t_1,,Female
Vikramaditya Motwane,https://www.imdb.com/search/name/?name=Vikramaditya%20Motwane,/name/nm0003939/?ref_=sr_t_1,"Bombay, India",Unknown
Vincent Paronnaud,https://www.imdb.com/search/name/?name=Vincent%20Paronnaud,/name/nm1749112/?ref_=sr_t_1,,Male
Vishal Bhardwaj,https://www.imdb.com/search/name/?name=Vishal%20Bhardwaj,/name/nm0080235/?ref_=sr_t_1,"Chandpur, Bijnor, Uttar Pradesh, India",Male
Víctor Erice,https://www.imdb.com/search/name/?name=Víctor%20Erice,/name/nm0258977/?ref_=sr_t_1,"Karrantza, Vizcaya, País Vasco, Spain",Male
Víctor Gaviria,https://www.imdb.com/search/name/?name=Víctor%20Gaviria,/name/nm0310597/?ref_=sr_t_1,"Medellin, Colombia",Unknown
Wang Bing,https://www.imdb.com/search/name/?name=Wang%20Bing,/name/nm1504063/?ref_=sr_t_1,"Xi'an, Shaanxi, China",Male
Warwick Thornton,https://www.imdb.com/search/name/?name=Warwick%20Thornton,/name/nm0861610/?ref_=sr_t_1,"Alice Springs, Northern Territory, Australia",Male
Wayne Blair,https://www.imdb.com/search/name/?name=Wayne%20Blair,/name/nm0992370/?ref_=sr_t_1,"Taree, New South Wales, Australia",Male
Werner Herzog,https://www.imdb.com/search/name/?name=Werner%20Herzog,/name/nm0001348/?ref_=sr_t_1,"Munich, Bavaria, Germany",Male
Wes Anderson,https://www.imdb.com/search/name/?name=Wes%20Anderson,/name/nm0027572/?ref_=sr_t_1,"Houston, Texas, USA",Male
Whit Stillman,https://www.imdb.com/search/name/?name=Whit%20Stillman,/name/nm0001775/?ref_=sr_t_1,"Washington, District of Columbia, USA",Male
Wolfgang Becker,https://www.imdb.com/search/name/?name=Wolfgang%20Becker,/name/nm0065615/?ref_=sr_t_1,"Hemer, North Rhine-Westphalia, Germany",Male
Wong Kar-wai,https://www.imdb.com/search/name/?name=Wong%20Kar-wai,/name/nm0939182/?ref_=sr_t_1,"Shanghai, China",Male
Woody Allen,https://www.imdb.com/search/name/?name=Woody%20Allen,/name/nm0000095/?ref_=sr_t_1,"Bronx, New York City, New York, USA",Unknown
Xavier Beauvois,https://www.imdb.com/search/name/?name=Xavier%20Beauvois,/name/nm0064741/?ref_=sr_t_1,"Auchel, Pas-de-Calais, France",Male
Xavier Dolan,https://www.imdb.com/search/name/?name=Xavier%20Dolan,/name/nm0230859/?ref_=sr_t_1,"Montreal, Quebec, Canada",Male
Yann Arthus-Bertrand,https://www.imdb.com/search/name/?name=Yann%20Arthus-Bertrand,/name/nm0037867/?ref_=sr_t_1,"Paris, France",Male
Yaron Shani,https://www.imdb.com/search/name/?name=Yaron%20Shani,/name/nm1760871/?ref_=sr_t_1,,Male
Yervant Gianikian,https://www.imdb.com/search/name/?name=Yervant%20Gianikian,/name/nm0316214/?ref_=sr_t_1,,Male
Yorgos Lanthimos,https://www.imdb.com/search/name/?name=Yorgos%20Lanthimos,/name/nm0487166/?ref_=sr_t_1,"Athens, Greece",Male
Zhang Yimou,https://www.imdb.com/search/name/?name=Zhang%20Yimou,/name/nm0955443/?ref_=sr_t_1,"Xi'an, Shaanxi, China",Male
Ágnes Hranitzky,https://www.imdb.com/search/name/?name=Ágnes%20Hranitzky,/name/nm0398555/?ref_=sr_t_1,"Derecske, Hungary",Female
Éric Rohmer,https://www.imdb.com/search/name/?name=Éric%20Rohmer,/name/nm0006445/?ref_=sr_t_1,"Tulle, Corrèze, France",Unknown
